dimPhysicianPK,ProviderNpi,ProviderName,SpecialityCode,ProviderFTE
216332,187719108,Zuniga,97,1
215759,187700570,Zhang,50,0.9
215806,187716326,Yoder,50,1
215760,187720694,Yates,50,1
216264,187714896,Willis,50,0.37
216403,187703274,Williams,50,0.18
212304,187723866,Wiggins,80,0.09
216297,187724308,Wells,97,0.5
215260,187708396,Webster,50,1
215607,187711152,Watts,97,0.25
216635,187719056,Warren,50,0.9
216020,187710528,Velez,50,1
218381,187710528,Velez,50,1
216105,187719888,Vega,50,1
216515,187715234,Vasquez,97,0.25
215648,187719862,Vance,97,1
216124,187708188,Valencia,50,0.5
215833,187715364,Tyler,50,1
216570,187715806,Turner,97,0.9
216728,187705172,Trevino,50,0.9
215370,187706082,Strong,50,0.9
216561,187720590,Soto,97,1
215609,187702676,Sosa,50,1
217513,187714298,Snyder,97,0.9
216531,187707356,Simpson,97,0.9
216596,187720642,Sharp,50,0.75
217240,187713232,Sellers,97,0.17
215994,187714740,Schmidt,50,1
216988,187706576,Saunders,97,0.9
215872,187706550,Santiago,97,1
216777,187707200,Santana,97,1
216583,187721214,Salas,43,1
215844,187716716,Roy,97,1
215448,187719420,Roth,97,0.13
216522,187715624,Rivera,97,1
217295,187718172,Ritter,50,0.75
216579,187699946,Rich,97,0.16
216005,187721708,Rice,97,1
215196,187718432,Reyes,97,0.9
215224,187712426,Reed,50,1
216298,187717418,Raymond,50,0.9
215322,187710918,Rasmussen,50,0.5
215810,187716534,Rangel,50,1
216254,187712062,Prince,50,1
215442,187718224,Powell,50,1
216208,187720668,Poole,50,0.5
215235,187703924,Ponce,97,1
217187,187706524,Pollard,97,0.9
216670,187701532,Pierce,97,1
215385,187721422,Phillips,50,1
216543,187710320,Petty,97,1
215494,187724126,Petersen,50,1
216542,187720980,Peters,50,0.75
215497,187713492,Perkins,97,1
215480,187723580,Pennington,97,1
215932,187701688,Owens,50,0.16
215570,187702650,Ortega,97,0.5
215441,187712842,Oneill,97,0.75
217114,187710892,Oliver,50,0.9
216719,187712790,Odonnell,97,0.9
215907,187704912,Oconnor,50,1
216608,187717652,Norris,50,1
217037,187709228,Nixon,97,0.6
217309,187706264,Nguyen,97,0
218448,187718822,Neal,80,0.11
215357,187718536,Navarro,50,0.9
216833,187716066,Nash,97,0.9
215564,187711828,Munoz,50,0.9
216953,187708682,Mullen,97,0.9
216062,187708032,Moyer,50,1
217626,187709540,Mosley,50,0.44
216071,187716664,Morse,43,1
215960,187712036,Morrow,50,1
215484,187721006,Montgomery,97,0.9
215840,187709956,Miranda,97,1
216016,187708370,Mills,50,1
212444,187708448,Miller,68,0.41
216459,187711256,Michael,97,1
215936,187717860,Meyers,50,0.75
215857,187719446,Mercado,97,1
217093,187711854,Mcmillan,50,0.9
216882,187706134,Mckee,97,0.8
216646,187709904,Mcintosh,43,0.9
215740,187701662,Mcfarland,50,1
216775,187712816,Mcdowell,50,0.63
216470,187715390,Mcdonald,50,1
215432,187721188,Mccann,50,1
216061,187724022,Martin,50,0.5
215301,187704730,Marshall,50,1
217721,187714324,Marsh,50,0.5
215986,187711750,Malone,97,1
212332,187723554,Mahoney,68,0.1
215262,187716612,Madden,50,0.3
217785,187708500,Lynch,97,0
213767,187712582,Lowery,80,0.16
216892,187705198,Long,50,0.9
216098,187710606,Lindsey,97,0.75
215856,187702130,Leon,50,0.45
216848,187718484,Le,50,1
216983,187700050,Lamb,50,1
214180,187717028,Knight,97,1
216211,187703248,Klein,50,0.9
215835,187719602,Kirby,50,1
215592,187713830,Key,97,0.96
216557,187703508,Keith,42,0.02
215304,187715026,Kaufman,97,1
216700,187719758,Juarez,50,0.39
218256,187714714,Johnson,50,0.2
215368,187707382,Johns,50,1
216503,187719966,Jacobs,50,1
217432,187703820,Irwin,97,1
216714,187717964,Huber,97,0.75
215635,187712946,Horne,97,0.07
211846,187722306,Horn,68,0.04
216825,187714116,Hopkins,50,1
217052,187706966,Hodges,50,1
215756,187720148,Hodge,50,0.75
215939,187717886,Hobbs,50,1
216450,187721838,Higgins,97,1
216709,187718198,Hickman,97,1
216362,187720928,Herrera,97,0.9
215983,187721812,Hernandez,97,1
215460,187717106,Henry,50,0.9
215694,187717938,Henderson,50,0.75
216369,187714948,Hebert,50,1
215716,187722332,Harris,97,1
215808,187703612,Harmon,50,0.8
216159,187705146,Hansen,50,1
215777,187714402,Hanna,97,0.07
215535,187701636,Hall,97,1
214432,187708422,Griffith,68,0.1
215814,187706290,Gomez,50,1
215334,187723242,Gilbert,50,1
215908,187716144,Gibbs,97,1
217423,187711776,Gentry,50,1
216617,187715260,Gay,97,0.09
216917,187705822,Garner,50,1
215585,187709046,Fuller,97,1
216296,187703794,Fuentes,97,1
216759,187702702,Fry,50,0.75
216870,187709488,Fritz,50,0.6
216845,187703326,Franklin,97,1
216929,187720954,Foster,50,1
215586,187700596,Foley,97,1
216357,187717444,Fletcher,50,0.5
217075,187704340,Ferrell,97,0.9
215552,187706758,Faulkner,50,1
217168,187709124,Farrell,97,0.9
218239,187709332,Ellison,97,0.14
216011,187706914,Edwards,97,0.9
216316,187704496,Dunlap,97,1
216715,187702572,Douglas,97,1
218370,187707174,Dougherty,80,0.36
215418,187701714,Dorsey,50,1
215341,187715416,Donovan,68,0.48
215455,187719914,Dixon,97,0.9
215228,187717132,Dickson,50,1
215901,187723216,Dennis,50,1
215601,187709202,Davies,97,0.9
216028,187711932,Daugherty,50,1
216504,187711178,Daniels,50,1
216581,187712400,Curry,97,1
215580,187711100,Cordova,97,1
216477,187717756,Cooper,50,1
215721,187718848,Compton,50,1
215387,187709748,Combs,50,1
216041,187700154,Coffey,97,0.9
216096,187715546,Clayton,50,1
215300,187713648,Chung,50,1
216276,187721734,Christensen,50,0.75
215865,187701974,Chambers,50,1
211008,187719082,Carroll,80,0.43
215947,187705744,Campos,97,1
216333,187708786,Cameron,68,0.24
213596,187701376,Camacho,97,0.11
216765,187717158,Callahan,97,1
215949,187724334,Burgess,97,0.05
213803,187707642,Buchanan,68,0.29
217025,187713778,Bryant,50,0.9
216891,187714662,Brock,50,1
215221,187700882,Bradley,97,0.75
216144,187713752,Bonilla,50,1
215321,187715598,Blankenship,42,0.07
216384,187715572,Bird,97,1
215297,187721162,Best,97,0.5
216080,187719342,Bernard,50,0.3
215298,187719706,Beltran,89,1
216121,187716794,Beard,50,0.9
215632,187710294,Bauer,97,1
216409,187713180,Barrett,50,0.9
215323,187711412,Arnold,50,0.9
218052,187707434,Andrade,50,0.9
216789,187706108,Adkins,50,1
216717,187707044,Acosta,50,1
215176,187702858,Dr. Bruce,30,0.65
215178,187717990,Dr. Vazquez,22,0.8
215181,187706706,Dr. Bartlett,37,0.6
215182,187707486,Dr. Rocha,8,1
215183,187701012,Dr. Sherman,37,0.2
215184,187700102,Dr. Baker,86,0.65
215188,187704158,Dr. Whitaker,30,1
215189,187700700,Dr. Townsend,30,0.95
215191,187724152,Dr. Castillo,30,0.37
215192,187708058,Dr. Boyle,16,0.19
215193,187709098,Dr. Benton,37,0.45
215195,187702312,Dr. Cain,8,1
215197,187716300,Dr. Mcconnell,2,0.85
215198,187713336,Dr. Fernandez,11,1
215199,187702780,Dr. Bray,11,1
215202,187719550,Dr. Liu,2,0.41
215203,187712686,Dr. Gonzalez,25,0.36
215207,187714480,Dr. Delgado,30,0.85
215210,187718250,Dr. Salazar,68,0.25
215216,187715208,Dr. Barrera,16,0.67
215217,187722644,Dr. Chaney,11,0.45
215218,187700362,Dr. Walton,93,1
215220,187721890,Dr. Harrington,37,0.95
215226,187712010,Dr. Travis,11,0.9
215227,187702910,Dr. Estrada,30,1
215230,187711542,Dr. Lyons,11,0.96
215231,187718562,Dr. Barr,93,1
215233,187713310,Dr. Walter,36,0.85
215234,187701558,Dr. Hays,30,0.95
215236,187716430,Dr. Phelps,8,1
215239,187703898,Dr. Woodard,37,0.2
215242,187723918,Dr. Vincent,86,1
215243,187701194,Dr. Conley,8,1
215244,187710684,Dr. Cisneros,18,0.45
215246,187712192,Dr. Massey,11,0.57
215247,187701948,Dr. York,8,0.58
215248,187719680,Dr. Sims,68,0.41
215250,187714688,Dr. Boone,11,0.6
215251,187713076,Dr. Mckenzie,8,1
215252,187711334,Dr. Fitzpatrick,11,0.42
215254,187705094,Dr. Rodriguez,77,1
215258,187704366,Dr. Beck,30,1
215261,187700518,Dr. Page,37,0.95
215266,187715442,Dr. Ryan,11,0.93
215267,187704028,Dr. Quinn,11,0.61
215269,187702416,Dr. Carpenter,16,0.86
215275,187718380,Dr. Norman,8,1
215276,187721630,Dr. Mccarty,93,1
215278,187711490,Dr. Castaneda,30,0.65
215280,187705068,Dr. Villegas,93,1
215281,187715962,Dr. Hardin,11,0.9
215282,187702104,Dr. Woods,11,1
215283,187718354,Dr. Melton,11,0.62
215285,187700934,Dr. Stuart,37,0.19
215288,187720200,Dr. Cunningham,30,0.95
215289,187712218,Dr. Palmer,8,1
215290,187715182,Dr. Gates,18,0.28
215291,187706602,Dr. Boyer,8,0.8
215294,187709306,Dr. Stanton,11,0.8
215295,187700024,Dr. Snow,37,1
215307,187708084,Dr. Lynn,11,0.7
215309,187701116,Dr. Woodward,8,0.75
215310,187701922,Dr. Orr,8,1
215311,187709176,Dr. Serrano,8,1
215315,187711048,Dr. Kidd,22,0.15
215319,187704418,Dr. Bullock,11,0.15
215320,187702624,Dr. Sparks,11,0.5
215324,187706628,Dr. Lewis,11,0.55
215325,187701038,Dr. Barry,20,0.02
215326,187709410,Dr. Carlson,11,0.44
215327,187722618,Dr. Esparza,30,0.34
215328,187710762,Dr. Guzman,2,1
215331,187719784,Dr. Olson,11,0.9
215332,187712608,Dr. Villanueva,11,1
215338,187713206,Dr. Holland,30,1
215339,187722800,Dr. Pineda,86,0.5
215340,187706212,Dr. Sexton,30,0.9
215342,187712322,Dr. Arias,93,1
215344,187717548,Dr. Drake,30,0.8
215345,187706238,Dr. Sloan,30,0.95
215349,187705328,Dr. Brown,8,0.9
215350,187701090,Dr. Elliott,2,1
215352,187713544,Dr. Trujillo,11,0.3
215355,187715676,Dr. Cross,11,1
215358,187722930,Dr. Olsen,11,0.97
215365,187707694,Dr. Stephens,93,1
215367,187723060,Dr. Armstrong,8,0.62
215369,187718328,Dr. Bass,11,0.75
215371,187710138,Dr. Decker,11,0.95
215373,187706420,Dr. Miles,11,0.72
215374,187707278,Dr. Noble,93,1
215376,187723736,Dr. Mayo,11,1
215380,187701818,Dr. Ayala,8,0.2
215381,187718770,Dr. Shelton,8,1
215389,187704652,Dr. Schwartz,86,0.75
215391,187705042,Dr. Valdez,11,0.52
215395,187723138,Dr. Duke,22,0.75
215398,187707408,Dr. Tate,8,0.7
215399,187723814,Dr. Parks,2,1
215400,187722072,Dr. Clay,30,1
215401,187720538,Dr. Young,93,1
215404,187716690,Dr. Mcguire,25,0.65
215409,187703404,Dr. Kline,11,0.96
215411,187716768,Dr. Cooke,30,1
215413,187723476,Dr. Collier,8,1
215417,187701246,Dr. Benitez,30,0.8
215419,187710736,Dr. Underwood,37,1
215420,187706186,Dr. Richmond,36,1
215421,187723190,Dr. Ibarra,20,0.19
215423,187703586,Dr. Carr,93,1
215424,187702936,Dr. Hawkins,28,0.5
215426,187720876,Dr. Bright,8,0.27
215427,187701506,Dr. Gordon,16,0.8
215431,187710970,Dr. Sutton,30,0.85
215436,187706056,Dr. Kane,11,0.82
215437,187706030,Dr. Rivas,11,0.93
215443,187722176,Dr. Morris,20,0.8
215444,187722384,Dr. Ballard,8,0.5
215445,187715936,Dr. Cook,11,1
215446,187710164,Dr. Nelson,30,0.76
215447,187709930,Dr. Mclean,93,1
215450,187707018,Dr. Kelley,11,0.82
215461,187712166,Dr. Allen,8,0.5
215464,187716898,Dr. Montoya,22,0.8
215465,187699972,Dr. Cannon,11,0.95
215466,187717002,Dr. Savage,8,0.6
215471,187709514,Dr. Curtis,11,0.9
215474,187711958,Dr. Russo,93,0.6
215477,187713856,Dr. Rhodes,14,1
215485,187712868,Dr. Glenn,11,1
215489,187703092,Dr. Landry,8,0.5
215490,187720122,Dr. Butler,30,0.9
215491,187709020,Dr. Sheppard,8,0.15
215505,187714272,Dr. Simmons,8,0.49
215506,187722722,Dr. Stewart,C6,1
215508,187713986,Dr. Goodman,11,0.12
215516,187720824,Dr. Roman,11,0.25
215517,187723944,Dr. Lloyd,30,0.6
215518,187718146,Dr. Tanner,8,1
215519,187702078,Dr. Meyer,30,0.9
215521,187716404,Dr. Levy,8,1
215522,187722878,Dr. Wilson,30,0.58
215525,187711516,Dr. Roberson,93,0.4
215527,187711204,Dr. Hines,93,0.73
215529,187707876,Dr. Peterson,11,1
215533,187701350,Dr. Mooney,8,1
215534,187709254,Dr. Anthony,11,1
215540,187712712,Dr. Stevens,93,0.4
215542,187707148,Dr. Bell,30,0.95
215543,187707512,Dr. Kent,11,1
215544,187709722,Dr. Vaughan,36,0.95
215545,187722098,Dr. Harvey,11,1
215546,187714636,Dr. Cobb,16,0.85
215547,187716014,Dr. Figueroa,37,0.9
215548,187718614,Dr. Rodgers,8,1
215550,187720564,Dr. Scott,86,0.11
215551,187700258,Dr. Copeland,8,1
215555,187705562,Dr. Mccormick,11,1
215557,187708812,Dr. Winters,30,0.95
215558,187721552,Dr. Houston,16,1
215561,187719992,Dr. Zimmerman,11,1
215563,187722540,Dr. Mcclure,77,0.2
215566,187707070,Dr. Lane,28,0.41
215568,187717912,Dr. Norton,37,1
215572,187705848,Dr. Dean,11,1
215573,187715520,Dr. Thompson,30,1
215576,187700128,Dr. Church,41,0.95
215579,187699894,Dr. Rosales,86,1
215590,187721526,Dr. Lambert,30,0.25
215595,187701610,Dr. Crane,37,0.75
215597,187706498,Dr. Blanchard,11,0.68
215598,187706940,Dr. Griffin,11,1
215603,187722254,Dr. Blake,8,1
215605,187702208,Dr. Vaughn,33,1
215611,187705588,Dr. Alexander,16,0.7
215612,187713622,Dr. Black,20,1
215614,187713596,Dr. Li,30,0.85
215615,187705016,Dr. Mcknight,8,0.9
215617,187707538,Dr. Shaw,11,1
215619,187711646,Dr. Pittman,11,0.95
215625,187716378,Dr. Gaines,2,0.8
215626,187704444,Dr. Mckay,11,0.97
215628,187713258,Dr. Henson,22,0.5
215631,187718094,Dr. Davis,8,0.8
215633,187721240,Dr. Hunter,25,0.95
215634,187718588,Dr. Wood,30,0.9
215637,187714974,Dr. Potts,8,1
215641,187702156,Dr. Guerrero,37,1
215642,187703118,Dr. Reese,16,0.28
215643,187716248,Dr. Huynh,30,1
215646,187707772,Dr. Lam,11,0.87
215653,187717704,Dr. Hooper,30,0.57
215655,187721318,Dr. Fischer,30,0.06
215656,187700414,Dr. Gibson,11,0.85
215659,187704288,Dr. Bautista,37,1
215664,187723840,Dr. Zavala,8,1
215670,187713154,Dr. Luna,8,0.8
215672,187711672,Dr. Mann,30,0.85
215674,187714870,Dr. Glass,11,0.8
215679,187708474,Dr. Wilkinson,30,0.95
215680,187705900,Dr. Kennedy,11,1
215683,187720746,Dr. Cline,36,0.95
215686,187721916,Dr. Jordan,11,0.6
215688,187715910,Dr. Bradshaw,11,0.5
215691,187708240,Dr. Kaiser,11,1
215692,187714922,Dr. Byrd,11,0.66
215693,187704106,Dr. Levine,11,0.9
215697,187713024,Dr. Proctor,11,0.68
215698,187709462,Dr. Becker,11,0.9
215699,187721110,Dr. Fowler,16,0.85
215701,187722280,Dr. Mason,93,1
215702,187706992,Dr. Roach,86,0.13
215703,187722462,Dr. Wilcox,30,0.95
215705,187722358,Dr. Fox,93,0.52
215706,187703378,Dr. Mays,22,0.1
215708,187709618,Dr. Powers,30,0.6
215709,187700986,Dr. Perry,2,0.85
215710,187718666,Dr. Burns,11,0.75
215711,187720772,Dr. West,37,0.9
215713,187720460,Dr. Velazquez,16,0.72
215714,187712998,Dr. Avery,37,0.7
215717,187708552,Dr. Bentley,93,1
215720,187705250,Dr. Sweeney,11,0.85
215722,187703066,Dr. Ross,11,0.93
215725,187716560,Dr. Reilly,11,0.5
215726,187709696,Dr. Lester,93,0.95
215730,187705432,Dr. Steele,8,0.9
215732,187717288,Dr. Wagner,8,0.6
215733,187708734,Dr. Hoover,8,0.8
215738,187711802,Dr. Day,11,0.94
215739,187720408,Dr. Wise,8,0.6
215741,187712738,Dr. Thomas,8,0.9
215746,187700466,Dr. Cowan,7,0.65
215748,187715078,Dr. Bond,8,1
215751,187710450,Dr. James,93,1
215757,187719030,Dr. Espinoza,11,0.4
215764,187702260,Dr. Bean,8,1
215765,187720278,Dr. Berger,37,0.67
215767,187717600,Dr. Mathews,30,0.65
215769,187723450,Dr. Moon,41,0.12
215770,187703040,Dr. Vargas,8,0.69
215772,187708318,Dr. Craig,11,1
215779,187703846,Dr. Graham,37,1
215780,187718978,Dr. Howe,11,1
215781,187711724,Dr. Hale,8,0.5
215782,187710008,Dr. Spears,93,1
215783,187721968,Dr. Solis,16,0.5
215787,187708630,Dr. Case,8,0.9
215788,187715988,Dr. Caldwell,86,0.97
215790,187715468,Dr. Briggs,2,0.41
215791,187706836,Dr. Meadows,93,1
215794,187705692,Dr. Walls,93,1
215795,187714220,Dr. Romero,25,0.32
215797,187708136,Dr. Solomon,22,0.8
215798,187704392,Dr. Jacobson,22,0.55
215799,187700492,Dr. Cruz,30,1
215802,187700856,Dr. Gutierrez,11,0.15
215804,187723398,Dr. Pacheco,8,0.3
215805,187717470,Dr. Singh,20,0.93
215812,187709800,Dr. Giles,16,1
215815,187721500,Dr. Crawford,16,0.6
215820,187704782,Dr. Hubbard,11,0.93
215823,187704574,Dr. Calhoun,11,0.17
215825,187715728,Dr. Martinez,22,0.95
215826,187701896,Dr. Cardenas,5,0.1
215827,187708890,Dr. Ellis,20,0.6
215828,187700804,Dr. Dickerson,93,1
215834,187701740,Dr. Ferguson,37,0.75
215836,187710086,Dr. Kelly,11,0.5
215837,187720018,Dr. Kerr,8,1
215838,187721474,Dr. Potter,2,1
215841,187707668,Dr. Reeves,11,0.97
215843,187700310,Dr. Larson,11,0.7
215845,187703456,Dr. Haas,8,0.9
215848,187723294,Dr. Parker,37,1
215853,187704626,Dr. Bolton,22,0.6
215855,187715052,Dr. Summers,22,0.5
215858,187704860,Dr. Fleming,11,0.9
215859,187702884,Dr. Ramos,11,0.82
215860,187700830,Dr. Vang,11,0.2
215861,187702182,Dr. Lowe,22,0.05
215862,187719472,Dr. Donaldson,37,1
215867,187713518,Dr. Benjamin,8,1
215871,187703976,Dr. Mata,11,0.8
215875,187702494,Dr. Welch,30,0.8
215876,187721292,Dr. Pope,11,1
215878,187718016,Dr. Macdonald,30,0.66
215879,187707564,Dr. Torres,11,0.8
215881,187712530,Dr. Randall,8,0.9
215887,187708968,Dr. Richards,30,0.76
215889,187706394,Dr. Acevedo,77,0.55
215891,187706680,Dr. Knox,86,0.45
215892,187708110,Dr. Green,11,0.16
215893,187712296,Dr. Gould,11,0.7
215895,187705770,Dr. Mccall,8,0.6
215896,187722566,Dr. Montes,11,0.93
215897,187715104,Dr. Brewer,11,1
215898,187704262,Dr. Preston,37,1
215900,187711126,Dr. Booker,8,0.7
215903,187706862,Dr. Warner,8,1
215904,187710242,Dr. Rosario,11,0.45
215905,187718926,Dr. Krause,11,1
215909,187705406,Dr. Lee,11,0.2
215910,187710424,Dr. Morales,93,1
215913,187711594,Dr. Holden,22,0.55
215915,187724282,Dr. Gallegos,22,0.65
215917,187724074,Dr. Schneider,86,0.73
215918,187713934,Dr. Ho,16,0.95
215920,187723996,Dr. Wang,25,0.5
215921,187712660,Dr. Baxter,30,1
215925,187724178,Dr. Walters,11,1
215926,187702052,Dr. Archer,11,0.07
215928,187711620,Dr. Maddox,8,0.7
215931,187702728,Dr. Forbes,11,0.2
215935,187702026,Dr. Cervantes,37,0.95
215941,187722774,Dr. Sandoval,86,0.93
215943,187707252,Dr. Newman,8,0.17
215944,187720356,Dr. Mcneil,4,0.14
215945,187715832,Dr. Ali,11,1
215950,187713674,Dr. Rose,2,1
215952,187713908,Dr. Lin,93,1
215953,187722124,Dr. Shepherd,37,0.7
215955,187703482,Dr. Sampson,8,0.8
215957,187710554,Dr. Sanchez,11,0.85
215959,187704678,Dr. Peck,11,0.67
215963,187712244,Dr. Lucero,37,0.9
215966,187714584,Dr. Gilmore,11,1
215967,187710996,Dr. Haley,37,0.24
215968,187704236,Dr. Nichols,11,0.8
215974,187713960,Dr. Delacruz,11,1
215975,187709358,Dr. English,11,0.25
215982,187702806,Dr. Clark,11,1
215988,187714194,Dr. Ware,8,0.8
215989,187708994,Dr. Berg,37,1
215990,187704990,Dr. Pruitt,8,0.75
215991,187717574,Dr. Sullivan,30,0.9
215992,187721396,Dr. Crosby,11,0.93
215993,187703716,Dr. Padilla,30,0.95
215995,187723112,Dr. Randolph,30,0.71
215997,187704548,Dr. Reid,8,0.25
215999,187718120,Dr. Stanley,11,0.55
216000,187716846,Dr. Moreno,11,0.55
216002,187706810,Dr. Jensen,86,0.83
216003,187712920,Dr. Finley,30,0.95
216006,187719498,Dr. Barber,11,1
216007,187715754,Dr. King,11,0.8
216009,187707226,Dr. Mercer,8,1
216013,187715858,Dr. Morton,77,0.3
216015,187716196,Dr. Matthews,30,1
216017,187720382,Dr. Benson,11,1
216019,187700752,Dr. Huang,11,0.65
216021,187714428,Dr. Smith,11,0.5
216022,187707330,Dr. Stone,11,0.6
216026,187699998,Dr. Parrish,11,0.58
216027,187721994,Dr. Mora,37,0.8
216036,187721786,Dr. Wade,22,0.95
216038,187723788,Dr. Hendrix,11,1
216039,187707590,Dr. Cantu,8,1
216040,187710398,Dr. Frost,11,0.98
216044,187705536,Dr. Andersen,86,0.7
216046,187710112,Dr. Gardner,11,1
216050,187709670,Dr. Gonzales,37,0.3
216052,187722748,Dr. Stark,11,0.05
216053,187701584,Dr. Dodson,11,1
216063,187700076,Dr. Alvarado,8,0.4
216064,187708578,Dr. Conrad,11,0.5
216065,187704522,Dr. Flynn,77,1
216068,187700284,Dr. Franco,11,1
216069,187707824,Dr. Christian,8,0.01
216070,187717054,Dr. Valenzuela,11,0.5
216072,187723658,Dr. Hayden,22,0.66
216075,187699920,Dr. Maynard,2,0.85
216076,187708526,Dr. Weiss,22,0.8
216082,187716222,Dr. Barker,30,0.76
216083,187721032,Dr. Yang,30,0.9
216085,187706368,Dr. Hutchinson,11,1
216086,187708006,Dr. Anderson,2,1
216088,187712894,Dr. Hart,2,1
216099,187715000,Dr. Shepard,8,1
216100,187706732,Dr. Payne,86,1
216102,187700778,Dr. George,11,0.85
216104,187705458,Dr. Cabrera,11,0.3
216106,187700206,Dr. Arroyo,8,0.7
216108,187702234,Dr. Richard,11,1
216109,187712556,Dr. Estes,11,0.75
216111,187717808,Dr. Leonard,33,0.9
216112,187704886,Dr. Spence,8,1
216116,187705302,Dr. Flowers,11,1
216117,187703430,Dr. Herman,2,0.21
216119,187716040,Dr. Blackburn,11,0.29
216123,187719368,Dr. Mcclain,8,0.55
216126,187709566,Dr. Lang,8,0.5
216129,187713570,Dr. Watson,11,0.54
216133,187719238,Dr. Harding,11,1
216134,187703170,Dr. Middleton,8,0.9
216135,187715312,Dr. Brennan,30,0.75
216136,187703144,Dr. Rubio,16,0.3
216140,187723034,Dr. Campbell,30,0.95
216141,187710268,Dr. Duran,11,1
216142,187713440,Dr. Chase,8,1
216145,187721370,Dr. Ortiz,77,0.2
216146,187716924,Dr. Yu,11,0.57
216150,187717340,Dr. Cox,20,1
216158,187708916,Dr. Greene,37,0.5
216161,187723606,Dr. Skinner,11,1
216162,187720226,Dr. Weber,30,1
216167,187721656,Dr. Brandt,93,1
216168,187721084,Dr. Murillo,16,1
216170,187700440,Dr. Clarke,33,0.9
216172,187701844,Dr. Webb,11,0.68
216173,187721136,Dr. Browning,8,1
216178,187723372,Dr. Garza,11,0.9
216181,187707798,Dr. Rush,37,0.9
216184,187708760,Dr. Harrell,93,1
216185,187707746,Dr. Blackwell,11,1
216186,187714844,Dr. Rios,11,0.8
216187,187715286,Dr. Velasquez,16,0.9
216188,187705666,Dr. Wong,30,0.95
216189,187713284,Dr. Bridges,16,0.8
216190,187720096,Dr. Deleon,11,0.5
216191,187719160,Dr. Wright,8,0.5
216193,187703638,Dr. Ruiz,8,0.6
216194,187701324,Dr. Walsh,20,0.28
216197,187703768,Dr. Riggs,22,0.95
216202,187713882,Dr. Shaffer,11,1
216203,187713726,Dr. Davenport,8,1
216206,187700960,Dr. Silva,8,1
216212,187724100,Dr. Gray,30,1
216213,187717236,Dr. Marks,30,1
216215,187722982,Dr. Orozco,8,0.55
216219,187716092,Dr. Humphrey,37,1
216223,187723164,Dr. Golden,37,1
216225,187705120,Dr. Terry,11,0.22
216227,187712140,Dr. Gillespie,11,0.58
216228,187713362,Dr. Hill,11,0.72
216232,187722436,Dr. Stout,30,0.95
216233,187710632,Dr. Cuevas,30,0.35
216235,187714792,Dr. Bailey,8,1
216238,187716586,Dr. Pace,11,0.6
216242,187710944,Dr. Mathis,8,1
216246,187704808,Dr. Hampton,68,0.26
216247,187720616,Dr. Werner,16,0.97
216248,187706004,Dr. Mendez,16,0.8
216250,187720512,Dr. Wilkerson,11,0.93
216255,187716170,Dr. Holloway,37,1
216258,187702546,Dr. Jenkins,37,1
216260,187705718,Dr. Hess,16,0.46
216261,187702962,Dr. Singleton,2,0.8
216262,187713388,Dr. Bryan,34,1
216265,187715884,Dr. Collins,30,0.45
216266,187706888,Dr. Patton,11,0.5
216268,187719264,Dr. Burch,11,0.95
216269,187717392,Dr. Farmer,11,1
216274,187715702,Dr. Swanson,11,0.9
216278,187702000,Dr. Shields,8,1
216281,187720330,Dr. Oneal,C6,1
216283,187716742,Dr. Carney,8,0.75
216284,187705510,Dr. Meza,37,0.86
216286,187710476,Dr. Osborn,16,0.95
216288,187701454,Dr. Dawson,11,1
216289,187721864,Dr. Hahn,30,0.76
216290,187707954,Dr. Stevenson,22,0.7
216292,187710866,Dr. Farley,8,0.8
216295,187714246,Dr. Berry,11,0.8
216301,187712504,Dr. Ward,11,0.8
216306,187718640,Dr. Duncan,11,1
216308,187715338,Dr. Andrews,22,0.75
216311,187714012,Dr. Maldonado,11,0.71
216312,187710190,Dr. Good,20,0.9
216317,187717314,Dr. May,11,1
216318,187701402,Dr. Mcdaniel,8,1
216321,187718302,Dr. Cochran,22,1
216322,187719524,Dr. Frey,11,0.2
216324,187720252,Dr. Hammond,16,0.88
216326,187718874,Dr. Wallace,11,1
216334,187719134,Dr. Moses,2,1
216336,187716638,Dr. Lozano,16,0.67
216338,187722514,Dr. Lara,16,0.85
216340,187711438,Dr. Heath,30,0.9
216345,187711022,Dr. Mcintyre,86,0.53
216347,187700726,Dr. Arellano,30,0.9
216349,187701792,Dr. Hancock,8,1
216350,187712634,Dr. Hayes,37,1
216351,187709384,Dr. Osborne,30,0.18
216352,187717210,Dr. Dudley,11,0.92
216353,187714558,Dr. Nunez,93,0.81
216354,187701428,Dr. Grant,37,0.3
216360,187723710,Dr. Buckley,22,0.95
216368,187717496,Dr. Cortez,30,0.9
216374,187720902,Dr. Chan,8,1
216377,187711074,Dr. Goodwin,93,1
216378,187721760,Dr. Odom,22,0.65
216382,187710060,Dr. Fitzgerald,30,0.7
216383,187719654,Dr. Joseph,11,0.95
216389,187702390,Dr. Schroeder,11,0.25
216390,187718458,Dr. Contreras,8,0.5
216391,187712270,Dr. Ford,11,0.56
216397,187703872,Dr. Koch,30,1
216398,187715650,Dr. Knapp,11,0.27
216399,187704080,Dr. Barnes,16,1
216402,187721266,Dr. Jackson,8,1
216405,187717782,Dr. Mitchell,77,0.73
216407,187707902,Dr. Alvarez,8,1
216408,187706160,Dr. Blevins,8,1
216412,187717184,Dr. Hendricks,25,0
216414,187722904,Dr. Braun,22,0.6
216417,187720304,Dr. Frye,20,1
216419,187722228,Dr. Sanders,8,1
216421,187707122,Dr. Herring,11,0.85
216427,187723424,Dr. Erickson,37,0.8
216428,187704132,Dr. Santos,30,0.85
216432,187718068,Dr. Galvan,22,0.05
216435,187720486,Dr. Atkins,30,0.65
216436,187723762,Dr. Stein,16,1
216438,187700908,Dr. Hinton,68,0.3
216441,187719628,Dr. Marquez,93,0.8
216445,187719836,Dr. Burton,37,0.75
216446,187711906,Dr. Rojas,36,0.95
216451,187706446,Dr. Duffy,93,0.86
216452,187722202,Dr. Hood,36,1
216453,187712452,Dr. Davidson,8,0.45
216454,187714064,Dr. Austin,11,0.15
216455,187703196,Dr. Garrison,11,0.68
216456,187709644,Dr. Morrison,30,0.95
216457,187702520,Dr. Hatfield,37,0.89
216458,187713700,Dr. Dalton,8,1
216466,187711880,Dr. Greer,30,0.7
216467,187711282,Dr. Mendoza,8,0.62
216469,187707460,Dr. Blair,22,0.55
216471,187712114,Dr. Salinas,37,1
216475,187700648,Dr. Kirk,22,0.7
216483,187709280,Dr. Chapman,30,0.2
216487,187700232,Dr. Rogers,30,1
216489,187722410,Dr. Davila,11,1
216492,187717080,Dr. Stephenson,11,1
216494,187704184,Dr. Little,30,1
216509,187704470,Dr. Khan,8,1
216512,187715780,Dr. Riley,93,1
216516,187723502,Dr. Brady,16,1
216519,187709826,Dr. Chavez,30,0.95
216520,187710216,Dr. Mcpherson,37,1
216525,187722020,Dr. Hunt,11,0.63
216526,187705926,Dr. Baird,68,0.49
216528,187712764,Dr. Dunn,86,0.06
216532,187707928,Dr. Holmes,37,1
216537,187722592,Dr. Sanford,11,1
216541,187712972,Dr. Graves,20,0.44
216545,187716482,Dr. Bates,8,0.9
216546,187723684,Dr. Ayers,30,0.6
216549,187724204,Dr. Conway,30,0.76
216550,187710346,Dr. Rollins,37,0.7
216551,187717834,Dr. Holt,37,0.9
216552,187702598,Dr. Moss,11,0.4
216553,187711698,Dr. Oconnell,11,1
216555,187714090,Dr. Park,8,1
216556,187721604,Dr. Gamble,11,0.3
216558,187709878,Dr. Chen,16,0.9
216560,187719940,Dr. Cohen,37,1
216562,187701220,Dr. Baldwin,11,0.55
216564,187715130,Dr. Ashley,22,0.95
216565,187709774,Dr. Tucker,11,0.5
216571,187711464,Dr. Hull,91,1
216576,187708292,Dr. Carey,20,0.33
216577,187705484,Dr. Nielsen,16,0.69
216580,187705978,Dr. Weeks,16,0.92
216582,187702832,Dr. Wheeler,20,0.9
216584,187718718,Dr. Dominguez,11,0.4
216585,187720850,Dr. Gregory,11,0.95
216586,187708838,Dr. Francis,18,1
216587,187718900,Dr. Cooley,11,1
216589,187700544,Dr. Schmitt,8,1
216590,187704054,Dr. Banks,93,1
216592,187722852,Dr. Kemp,30,0.47
216593,187709592,Dr. Merritt,11,0.97
216595,187719212,Dr. Hardy,11,0.3
216597,187702286,Dr. Grimes,93,1
216599,187716508,Dr. Todd,8,1
216602,187721344,Dr. Daniel,37,0.47
216604,187714818,Dr. Logan,8,0.57
216605,187703560,Dr. Pena,8,0.96
216612,187700336,Dr. Murray,30,0.95
216613,187712374,Dr. Hensley,8,0.5
216619,187710840,Dr. Colon,11,0.77
216625,187721578,Dr. Haynes,93,1
216626,187718276,Dr. Harper,11,1
216627,187708942,Dr. Castro,2,0.8
216628,187707304,Dr. Evans,11,0.85
216629,187723346,Dr. Ingram,11,0.9
216631,187718510,Dr. Macias,93,1
216639,187721682,Dr. Rowe,8,0.13
216641,187701272,Dr. Stafford,22,0.2
216643,187705796,Dr. Dillon,68,0.4
216644,187714532,Dr. Lucas,77,0.55
216650,187723268,Dr. Freeman,11,1
216651,187719316,Dr. Huffman,18,0.26
216654,187718406,Dr. Doyle,68,0.18
216656,187715494,Dr. Floyd,11,0.93
216659,187716118,Dr. Barron,11,1
216660,187714038,Dr. Tran,11,0.5
216661,187700180,Dr. Mckinney,30,0.95
216665,187720044,Dr. Weaver,11,0.75
216667,187718744,Dr. Jennings,C9,0.8
216668,187705380,Dr. Haney,11,0.83
216672,187722956,Dr. Terrell,2,0.85
216674,187702468,Dr. Hartman,16,0.65
216675,187713050,Dr. Boyd,11,0.8
216678,187703742,Dr. Medina,16,0.27
216680,187723008,Dr. Taylor,11,1
216681,187719576,Dr. Mcgee,11,0.15
216682,187710502,Dr. Brooks,11,1
216684,187701168,Dr. Hoffman,68,0.17
216686,187712478,Dr. Livingston,33,1
216688,187714350,Dr. Lawrence,8,0.6
216690,187722826,Dr. Mccullough,93,1
216691,187710814,Dr. Garrett,24,1
216697,187710710,Dr. Gallagher,30,0.57
216699,187704704,Dr. Moody,28,1
216702,187722488,Dr. Morgan,30,0.9
216707,187704210,Dr. Casey,11,0.67
216708,187714142,Dr. Aguirre,30,0.76
216710,187714376,Dr. Ramsey,86,0.93
216713,187702754,Dr. Schaefer,11,1
216716,187723970,Dr. Hamilton,16,0.55
216725,187713414,Dr. Downs,11,0.15
216727,187713466,Dr. Friedman,16,0.97
216731,187716456,Dr. Nolan,30,0.95
216732,187711984,Dr. Manning,11,1
216733,187716820,Dr. Porter,11,0.65
216734,187708864,Dr. Aguilar,30,0.75
216735,187703690,Dr. Gill,30,0.71
216736,187706342,Dr. Stokes,16,1
216738,187713804,Dr. Hurley,11,1
216742,187720720,Dr. Jones,16,0.48
216744,187722150,Dr. Cummings,37,0.8
216747,187723528,Dr. Molina,8,0.92
216748,187706784,Dr. Hurst,11,0.82
216752,187704964,Dr. Whitehead,11,0.91
216758,187710580,Dr. Perez,16,0.97
216760,187704600,Dr. Paul,11,0.85
216761,187710372,Dr. Frazier,30,1
216762,187702338,Dr. Short,11,1
216764,187705354,Dr. Hogan,8,0.5
216767,187710788,Dr. Escobar,11,0.9
216768,187723632,Dr. Everett,30,0.95
216769,187719186,Dr. Mccarthy,11,0.9
216773,187706472,Dr. Mcbride,25,0.8
216780,187717730,Dr. Ramirez,11,1
216782,187701870,Dr. Glover,11,0.26
216785,187714610,Dr. Patrick,33,1
216787,187711360,Dr. Schultz,11,0.78
216791,187717522,Dr. Calderon,16,1
216798,187707616,Dr. Barajas,37,1
216799,187723320,Dr. Galloway,30,0.95
216800,187720070,Dr. Reynolds,77,0.63
216805,187709072,Dr. Maxwell,2,0.6
216806,187717678,Dr. Avila,20,0.16
216813,187711230,Dr. Ray,8,1
216814,187704834,Dr. Zamora,77,0.3
216816,187704002,Dr. Shannon,2,0.85
216819,187721058,Dr. Howard,22,0.85
216820,187702442,Dr. Beasley,11,1
216823,187722696,Dr. Cantrell,22,0.4
216824,187703352,Dr. Moore,93,0.68
216826,187706654,Dr. Hughes,11,0.7
216827,187701142,Dr. Wolfe,20,0.38
216828,187716274,Dr. Nicholson,33,1
216829,187719004,Dr. Parsons,30,0.5
216832,187723086,Dr. Murphy,30,0.95
216834,187716976,Dr. Whitney,14,1
216836,187703950,Dr. Kramer,37,0.6
216840,187708344,Dr. Jarvis,25,1
216842,187717262,Dr. Mueller,37,0.6
216844,187721448,Dr. Watkins,8,1
216850,187713102,Dr. Pearson,11,1
216854,187702364,Dr. Rivers,30,1
216856,187714454,Dr. Burnett,93,0.6
216858,187701480,Dr. Wolf,11,0.4
216862,187700622,Dr. Mejia,11,1
216863,187719394,Dr. Carson,2,1
216864,187705224,Dr. Shah,2,0.2
216867,187711386,Dr. Mcgrath,93,0.95
216869,187720434,Dr. Suarez,16,0.9
216871,187705952,Dr. Eaton,37,0.88
216872,187707850,Dr. Mack,11,1
216873,187708214,Dr. Burke,2,0.9
216874,187705614,Dr. Robles,11,0.92
216875,187709982,Dr. Bowers,11,0.6
216877,187724048,Dr. Bennett,11,0.95
216880,187708656,Dr. Simon,8,1
216883,187713128,Dr. Keller,22,0.8
216886,187703222,Dr. Pham,37,1
216887,187721942,Dr. Wu,37,0.4
216888,187708604,Dr. Hudson,8,0.6
216889,187700388,Dr. Huff,33,0.4
216893,187703664,Dr. Pugh,22,0.6
216894,187704938,Dr. Mcmahon,8,0.8
216896,187710034,Dr. Waller,11,0.6
216897,187701064,Dr. Branch,11,0.7
216898,187706316,Dr. Bishop,8,0.7
216900,187703300,Dr. Price,11,0.94
216902,187712088,Dr. Mclaughlin,11,1
216903,187709436,Dr. Duarte,8,0.8
216904,187722046,Dr. Moran,30,0.75
216907,187716352,Dr. Allison,22,0.95
216908,187714168,Dr. Chandler,11,1
216909,187710658,Dr. Chang,36,1
216911,187724256,Dr. Wall,8,0.8
216913,187718042,Dr. Valentine,8,0.75
216915,187722670,Dr. Patterson,11,0.78
216916,187724230,Dr. Larsen,8,1
216918,187711308,Dr. Robertson,8,0.6
216919,187704314,Dr. Bradford,8,0.53
216922,187702988,Dr. Ball,16,0.9
216923,187723892,Dr. Ewing,30,0.95
216924,187709150,Dr. Robbins,11,1
216926,187707720,Dr. Washington,16,0.97
216928,187708266,Dr. Roberts,37,0.6
216930,187705640,Dr. Shea,30,0.85
216934,187714506,Dr. Owen,30,0.8
216935,187705276,Dr. Walker,30,0.76
216937,187720798,Dr. Love,11,0.92
216943,187701766,Dr. Huerta,8,1
216945,187707980,Dr. Barton,8,1
216950,187714766,Dr. Abbott,37,0.9
216998,187703014,Dr. Bender,11,0.17
217022,187708162,Dr. Kim,68,0.44
217038,187712348,Dr. White,68,0.49
217072,187717626,Dr. Frederick,25,0.2
217089,187718692,Dr. Jimenez,16,0.4
217113,187717366,Dr. Carrillo,37,0.35
217122,187700674,Dr. Choi,16,0.7
217130,187711568,Dr. Carter,16,0.06
217142,187719810,Dr. Sawyer,30,0.4
217237,187716950,Dr. Leach,11,0.18
217390,187707096,Dr. Tapia,37,0.26
217472,187715156,Dr. Patel,34,0.34
218243,187709852,Dr. Pitts,11,1
218365,187716872,Dr. Spencer,8,0.21
